<?xml version="1.0" encoding="UTF-8"?>
<project-private xmlns="http://www.netbeans.org/ns/project-private/1">
    <editor-bookmarks xmlns="http://www.netbeans.org/ns/editor-bookmarks/2" lastBookmarkId="0"/>
    <open-files xmlns="http://www.netbeans.org/ns/projectui-open-files/2">
        <group>
            <file>file:/C:/Users/nick-/OneDrive/Documents/NetBeansProjects/CSE336-Services/src/java/lectures/SerializeCards.java</file>
            <file>file:/C:/Users/nick-/OneDrive/Documents/NetBeansProjects/CSE336-Services/src/java/lectures/Card.java</file>
            <file>file:/C:/Users/nick-/OneDrive/Documents/NetBeansProjects/CSE336-Services/src/java/lectures/CheckCard.java</file>
            <file>file:/C:/Users/nick-/OneDrive/Documents/NetBeansProjects/CSE336-Services/src/java/lectures/HelloWorld.java</file>
            <file>file:/C:/Users/nick-/OneDrive/Documents/NetBeansProjects/CSE336-Services/src/java/lectures/ApplicationConfig.java</file>
        </group>
    </open-files>
</project-private>
